{
  "editor": {
    "allAngles": false,
    "entityTextureMode": true
  },
  "textureWidth": 32,
  "textureHeight": 32,
  "textures": {
    "bulb": "mymodestfoodad:plant/garlic/bulb",
    "e3": "mymodestfoodad:plant/garlic/e3",
    "s3": "mymodestfoodad:plant/garlic/s3"
  },
  "elements": [
    {
      "name": "Garlic",
      "from": [ 6.75, 0.5, 6.75 ],
      "to": [ 9.25, 1.5, 9.25 ],
      "autoUnwrap": false,
      "uv": [ 2.5, 4.5 ],
      "rotationOrigin": [ 8.0, 0.0, 8.0 ],
      "faces": {
        "north": {
          "texture": "#bulb",
          "uv": [ 0.0, 13.0, 10.0, 17.0 ],
          "autoUv": false
        },
        "east": {
          "texture": "#bulb",
          "uv": [ 10.0, 13.0, 20.0, 17.0 ],
          "autoUv": false
        },
        "south": {
          "texture": "#bulb",
          "uv": [ 0.0, 26.0, 10.0, 30.0 ],
          "autoUv": false
        },
        "west": {
          "texture": "#bulb",
          "uv": [ 10.0, 26.0, 20.0, 30.0 ],
          "autoUv": false
        },
        "up": {
          "texture": "#bulb",
          "uv": [ 22.0, 0.0, 32.0, 10.0 ],
          "autoUv": false,
          "windMode": [ -1, -1, -1, -1 ]
        },
        "down": {
          "texture": "#bulb",
          "uv": [ 22.0, 11.0, 32.0, 21.0 ],
          "autoUv": false,
          "windMode": [ -1, -1, -1, -1 ]
        }
      },
      "children": [
        {
          "name": "Garlic top1",
          "from": [ 0.5, 1.0, 0.5 ],
          "to": [ 2.0, 1.5, 2.0 ],
          "autoUnwrap": false,
          "uv": [ 3.0, 19.5 ],
          "rotationOrigin": [ 1.25, 0.5, 1.25 ],
          "faces": {
            "north": {
              "texture": "#bulb",
              "uv": [ 2.0, 11.0, 8.0, 13.0 ],
              "autoUv": false
            },
            "east": {
              "texture": "#bulb",
              "uv": [ 12.0, 11.0, 18.0, 13.0 ],
              "autoUv": false
            },
            "south": {
              "texture": "#bulb",
              "uv": [ 2.0, 23.0, 8.0, 26.0 ],
              "autoUv": false
            },
            "west": {
              "texture": "#bulb",
              "uv": [ 12.0, 23.0, 18.0, 26.0 ],
              "autoUv": false
            },
            "up": {
              "texture": "#bulb",
              "uv": [ 14.0, 1.0, 20.0, 7.0 ],
              "autoUv": false
            },
            "down": {
              "texture": "#bulb",
              "uv": [ 0.0, 0.0, 1.0, 1.0 ],
              "autoUv": false
            }
          }
        },
        {
          "name": "Garlic top2",
          "from": [ 0.75, 1.5, 0.75 ],
          "to": [ 1.75, 2.0, 1.75 ],
          "autoUnwrap": false,
          "uv": [ 4.0, 16.5 ],
          "rotationOrigin": [ 1.25, 0.5, 1.25 ],
          "faces": {
            "north": {
              "texture": "#bulb",
              "uv": [ 3.0, 9.0, 7.0, 11.0 ],
              "autoUv": false
            },
            "east": {
              "texture": "#bulb",
              "uv": [ 13.0, 9.0, 17.0, 11.0 ],
              "autoUv": false
            },
            "south": {
              "texture": "#bulb",
              "uv": [ 3.0, 21.0, 7.0, 23.0 ],
              "autoUv": false
            },
            "west": {
              "texture": "#bulb",
              "uv": [ 13.0, 21.0, 17.0, 23.0 ],
              "autoUv": false
            },
            "up": {
              "texture": "#bulb",
              "uv": [ 3.0, 2.0, 7.0, 6.0 ],
              "autoUv": false,
              "windMode": [ -1, -1, -1, -1 ]
            },
            "down": {
              "texture": "#bulb",
              "uv": [ 1.0, 0.0, 2.0, 1.0 ],
              "autoUv": false
            }
          }
        },
        {
          "name": "Garlic bottom",
          "from": [ 0.25, -0.5, 0.25 ],
          "to": [ 2.25, 0.0, 2.25 ],
          "autoUnwrap": false,
          "uv": [ 3.0, 15.5 ],
          "faces": {
            "north": {
              "texture": "#bulb",
              "uv": [ 1.0, 17.0, 9.0, 19.0 ],
              "autoUv": false,
              "windMode": [ -1, -1, -1, -1 ]
            },
            "east": {
              "texture": "#bulb",
              "uv": [ 11.0, 17.0, 19.0, 19.0 ],
              "autoUv": false
            },
            "south": {
              "texture": "#bulb",
              "uv": [ 1.0, 30.0, 9.0, 32.0 ],
              "autoUv": false
            },
            "west": {
              "texture": "#bulb",
              "uv": [ 11.0, 30.0, 19.0, 32.0 ],
              "autoUv": false
            },
            "up": {
              "texture": "#bulb",
              "uv": [ 2.0, 0.0, 3.0, 1.0 ],
              "autoUv": false
            },
            "down": {
              "texture": "#bulb",
              "uv": [ 23.0, 23.0, 31.0, 31.0 ],
              "autoUv": false
            }
          }
        },
        {
          "name": "s 3",
          "from": [ -3.0, 1.5, 1.25 ],
          "to": [ 5.0, 9.5, 1.25 ],
          "shade": false,
          "autoUnwrap": false,
          "uv": [ 0.0, 0.0 ],
          "rotationOrigin": [ 1.25, 1.5, 1.25 ],
          "faces": {
            "south": {
              "texture": "#s3",
              "uv": [ 8.0, 14.0, 24.0, 30.0 ],
              "autoUv": false
            }
          }
        },
        {
          "name": "e 3",
          "from": [ 1.25, 1.5, -2.75 ],
          "to": [ 1.25, 9.5, 5.25 ],
          "shade": false,
          "autoUnwrap": false,
          "uv": [ 16.5, 18.5 ],
          "rotationOrigin": [ 1.25, 1.5, 1.25 ],
          "faces": {
            "east": {
              "texture": "#e3",
              "uv": [ 8.0, 14.0, 24.0, 30.0 ],
              "autoUv": false
            }
          }
        }
      ]
    }
  ]
}
