{
	code: "crop",
	class: "BlockCrop",
	behaviors: [{name: "Unstable"}],
	variantgroups: [
		{ code: "type", states: ["garlic"] },
		{ code: "stage", states: ["1", "2", "3", "4", "5", "6", "7"] },
	],
	creativeinventory: { "general": [""], "plants": [""] },
	renderpass: "OpaqueNoCull",
	shapeByType: {
		"*-5": { "base": "block/garlic/stage5" },
		"*-6": { "base": "block/garlic/stage6" },
		"*-7": { "base": "block/garlic/stage7" },
		"*": { "base": "block/garlic/stage1to4" }
	},
	blockmaterial: "Plant",
	textures: {
		"bulb": { "base": "plant/garlic/bulb" },
		"s": { "base": "plant/garlic/s{stage}" },
		"e": { "base": "plant/garlic/e{stage}" },
	},
	attributes: {
		butterflyFeedByType: {
			"*-1": false,
			"*-7": false,
			"*": true
		},
		beeFeedByType: {
			"*-1": false,
			"*-7": false,
			"*": true
		},
		sitHeight: 0.35,
		tickGrowthProbability: 0.05,
		handbook: {
			include: true
		}
	},
	sideopaque: {
		all: false
	},
	sidesolid: {
		all: false
	},
	replaceable: 3000,
	lightAbsorption: 0,
	resistance: 0.5,
	sounds: {
		"place": "game:block/plant",
		"break": "game:block/plant",
		"hit": "game:block/plant"
	},
	rainPermeable: false,
	dropsByType: {
		"*-6": [
			{ type: "item", code: "mymodestfoodad:seeds-garlic", quantity: { avg: 0.99 }  },
			{ type: "item", code: "mymodestfoodad:vegetable-garlichead", quantity: { avg: 1, var: 1 }  },
		],
		"*-7": [
			{ type: "item", code: "mymodestfoodad:seeds-garlic", quantity: { avg: 2, "var" :  1 }  },
			{ type: "item", code: "mymodestfoodad:vegetable-garlichead", quantity: { avg: 10, var: 2 }  },
		],
		"*": [
			{ type: "item", code: "mymodestfoodad:seeds-garlic", quantity: { avg: 0.7 }  },
		]
	},
	cropProps: {
		"__comment": "Garlic has relatively low requirements for phosphorus. ",
		requiredNutrient: "P",
		nutrientConsumption: 20,
		growthStages: 7,
		totalGrowthMonths: 1.2,
		coldDamageBelow: -1,
		heatDamageAbove: 34

	},
	collisionbox: null,
	selectionbox: { x1: 0.0625, y1: 0, z1: 0.0625, x2: 0.9375, y2: 0.25, z2: 0.9375 },
	materialDensity: 200,
	combustibleProps: {
		burnTemperature: 600,
		burnDuration: 10,
	}
}