{
	"editor": {
		"allAngles": false,
		"entityTextureMode": false
	},
	"textureWidth": 16,
	"textureHeight": 16,
	"textureSizes": {
	},
	"textures": {
	},
	"elements": [
		{
			"name": "Dough",
			"from": [ 6.25, 0.0, 6.0 ],
			"to": [ 9.75, 1.0, 10.0 ],
			"rotationOrigin": [ 8.0, 0.0, 8.0 ],
			"faces": {
				"north": { "texture": "#dough", "uv": [ 0.5, 13.5, 4.0, 14.5 ] },
				"east": { "texture": "#dough", "uv": [ 0.0, 13.5, 4.0, 14.5 ] },
				"south": { "texture": "#dough", "uv": [ 0.0, 14.0, 3.5, 15.0 ] },
				"west": { "texture": "#dough", "uv": [ 3.5, 9.0, 4.5, 13.0 ], "rotation": 90 },
				"up": { "texture": "#dough", "uv": [ 0.5, 9.0, 4.0, 13.0 ] },
				"down": { "texture": "#dough", "uv": [ 4.5, 9.0, 8.0, 13.0 ] }
			},
			"children": [
				{
					"name": "Dough top",
					"from": [ 0.5, 1.0, 0.5 ],
					"to": [ 3.0, 1.5, 3.5 ],
					"faces": {
						"north": { "texture": "#dough", "uv": [ 1.0, 9.0, 3.5, 9.5 ] },
						"east": { "texture": "#dough", "uv": [ 0.5, 10.0, 1.0, 13.0 ], "rotation": 90 },
						"south": { "texture": "#dough", "uv": [ 0.5, 10.0, 3.0, 10.5 ] },
						"west": { "texture": "#dough", "uv": [ 3.5, 9.5, 4.0, 12.5 ], "rotation": 90 },
						"up": { "texture": "#dough", "uv": [ 1.0, 9.5, 3.5, 12.5 ] }
					}
				}
			]
		}
	]}