{
	"editor": {
		"allAngles": false,
		"entityTextureMode": false
	},
	"textureWidth": 16,
	"textureHeight": 16,
	"textureSizes": {},
	"elements": [
		{
			"name": "bread 1",
			"from": [ 7.0, 0.75, 6.0 ],
			"to": [ 9.0, 1.25, 10.0 ],
			"rotationOrigin": [ 8.0, 0.0, 8.0 ],
			"faces": {
				"north": { "texture": "#bread", "uv": [ 0.0, 7.5, 2.0, 8.0 ] },
				"east": { "texture": "#bread", "uv": [ 0.0, 7.5, 4.0, 8.0 ] },
				"south": { "texture": "#bread", "uv": [ 0.5, 7.5, 2.5, 8.0 ] },
				"west": { "texture": "#bread", "uv": [ 0.0, 7.5, 4.0, 8.0 ] },
				"up": { "texture": "#bread", "uv": [ 5.5, 0.5, 7.5, 4.5 ] },
				"down": { "texture": "#bread", "uv": [ 4.5, 0.0, 6.5, 4.0 ] }
			},
			"children": [
				{
					"name": "bread 2",
					"from": [ 2.0, 0.0, 0.75 ],
					"to": [ 3.0, 0.5, 3.25 ],
					"rotationOrigin": [ 2.75, 0.0, 3.0 ],
					"faces": {
						"north": { "texture": "#bread", "uv": [ 0.0, 7.0, 1.0, 7.5 ] },
						"east": { "texture": "#bread", "uv": [ 0.0, 7.5, 2.5, 8.0 ] },
						"south": { "texture": "#bread", "uv": [ 1.0, 7.5, 2.0, 8.0 ] },
						"west": { "texture": "#bread", "uv": [ 0.0, 7.5, 2.5, 8.0 ] },
						"up": { "texture": "#bread", "uv": [ 4.0, 2.5, 5.0, 5.0 ], "rotation": 180 },
						"down": { "texture": "#bread", "uv": [ 4.5, 0.0, 5.5, 2.5 ] }
					}
				},
				{
					"name": "bread 3",
					"from": [ -1.0, 0.0, 0.75 ],
					"to": [ 0.0, 0.5, 3.25 ],
					"rotationOrigin": [ -1.25, 0.0, 3.0 ],
					"faces": {
						"north": { "texture": "#bread", "uv": [ 0.0, 7.5, 1.0, 8.0 ] },
						"east": { "texture": "#bread", "uv": [ 0.0, 7.5, 2.5, 8.0 ] },
						"south": { "texture": "#bread", "uv": [ 0.0, 7.5, 1.0, 8.0 ] },
						"west": { "texture": "#bread", "uv": [ 0.0, 7.5, 2.5, 8.0 ] },
						"up": { "texture": "#bread", "uv": [ 4.0, 2.5, 5.0, 5.0 ] },
						"down": { "texture": "#bread", "uv": [ 4.5, 0.0, 5.5, 2.5 ] }
					}
				},
				{
					"name": "bread 4",
					"from": [ 3.0, 0.0, 1.5 ],
					"to": [ 3.5, 0.5, 2.5 ],
					"rotationOrigin": [ 3.75, 0.0, 4.0 ],
					"faces": {
						"north": { "texture": "#bread", "uv": [ 0.5, 5.5, 1.0, 6.0 ] },
						"east": { "texture": "#bread", "uv": [ 3.0, 6.0, 4.0, 6.5 ] },
						"south": { "texture": "#bread", "uv": [ 1.0, 5.5, 1.5, 6.0 ] },
						"west": { "texture": "#bread", "uv": [ 3.0, 6.0, 4.0, 6.5 ] },
						"up": { "texture": "#bread", "uv": [ 4.0, 3.5, 4.5, 4.5 ] },
						"down": { "texture": "#bread", "uv": [ 4.5, 0.0, 5.0, 1.0 ] }
					}
				},
				{
					"name": "bread 5",
					"from": [ -1.5, 0.0, 1.5 ],
					"to": [ -1.0, 0.5, 2.5 ],
					"rotationOrigin": [ -1.25, 0.0, 4.0 ],
					"faces": {
						"north": { "texture": "#bread", "uv": [ 0.5, 6.0, 1.0, 6.5 ] },
						"east": { "texture": "#bread", "uv": [ 0.0, 6.5, 1.0, 7.0 ] },
						"south": { "texture": "#bread", "uv": [ 1.0, 5.5, 1.5, 6.0 ] },
						"west": { "texture": "#bread", "uv": [ 0.0, 7.0, 1.0, 7.5 ] },
						"up": { "texture": "#bread", "uv": [ 4.0, 3.5, 4.5, 4.5 ] },
						"down": { "texture": "#bread", "uv": [ 4.5, 0.0, 5.0, 1.0 ] }
					}
				}
			]
		}
	]}