{
	code: "flatbread",
	maxstacksizeByType: {
		"*-charred": 48,
		"*": 32,
	},
	variantgroups: [
		{ code: "type", states: ["spelt", "rye", "flax", "rice", "cassava", "amaranth", "sunflower" ] },
		{ code: "state", states: ["partbaked", "perfect", "charred" ] }
	],
	shape: { "base": "item/bread/flatbread" },
	texturesbytype: {
		"*-partbaked": { "bread": {base: "game:item/food/grain/{type}bread2" }},
		"*-perfect": { "bread": {base: "game:item/food/grain/{type}bread" }},
		"*-charred": { "bread": {base: "game:item/food/grain/{type}bread1" }}
	},
	creativeinventory: { "general": ["*"], "items": ["*"] },
	attributesByType: {
		"*-partbaked": {
			displaycaseable: true,
			shelvable: true,
			onDisplayTransform: {scale: 1.09},
			bakingProperties: {
				temp: 160,
				levelFrom: 0.25,
				levelTo: 0.5,
				startScaleY: 1.1,
				endScaleY: 1,
				resultCode: "mymodestfoodad:flatbread-{type}-perfect",
				initialCode: "game:dough-{type}"
			}
		},
		"*-perfect": {
			displaycaseable: true,
			shelvable: true,
			onDisplayTransform: {scale: 1.09},
			bakingProperties: {
				temp: 160,
				levelFrom: 0.5,
				levelTo: 0.75,
				startScaleY: 1,
				endScaleY: 0.95,
				resultCode: "mymodestfoodad:flatbread-{type}-charred",
				initialCode: "mymodestfoodad:flatbread-{type}-partbaked"
			}
		},
		"*-charred": {
			displaycaseable: true,
			shelvable: true,
			onDisplayTransform: {scale: 1.09},
			bakingProperties: {
				temp: 160,
				levelFrom: 0.75,
				levelTo: 1,
				startScaleY: 0.95,
				endScaleY: 0.75,
				initialCode: "mymodestfoodad:flatbread-{type}-perfect"
			}
		}
	},
	combustiblePropsByType: {
		"*-partbaked": {
			meltingPoint: 200,
			meltingDuration: 15,
			smeltedRatio: 1,
			smeltingType: "bake",
			smeltedStack: { type: "item", code: "mymodestfoodad:flatbread-{type}-charred" },
			requiresContainer: false
		},
		"*-perfect": {
			meltingPoint: 200,
			meltingDuration: 15,
			smeltedRatio: 1,
			smeltingType: "bake",
			smeltedStack: { type: "item", code: "mymodestfoodad:flatbread-{type}-charred" },
			requiresContainer: false
		}
	},
	nutritionPropsByType: {
		"*-flax-partbaked": { saturation: 70, foodcategory: "Grain" },
		"*-flax-perfect": { saturation: 160, foodcategory: "Grain" },
		"*-flax-charred": { saturation: 100, foodcategory: "Grain" },
		
		"*-rice-partbaked": { saturation: 160, foodcategory: "Grain" },
		"*-rice-perfect": { saturation: 330, foodcategory: "Grain" },
		"*-rice-charred": { saturation: 220, foodcategory: "Grain" },
		
		"*-partbaked": { saturation: 150, foodcategory: "Grain" },
		"*-perfect": { saturation: 300, foodcategory: "Grain" },
		"*-charred": { saturation: 210, foodcategory: "Grain" }
	},
	transitionablePropsByType: {
		"*-partbaked":  [{
			type: "Perish",
			freshHours: { avg: 200 },
			transitionHours: { avg: 24 },
			transitionedStack: { type: "item", code: "game:rot" },
			transitionRatio: 1
		}],
		"*-perfect":  [{
			type: "Perish",
			freshHours: { avg: 192 },
			transitionHours: { avg: 36 },
			transitionedStack: { type: "item", code: "game:rot" },
			transitionRatio: 1
		}],
		"*-charred":  [{
			type: "Perish",
			freshHours: { avg: 420 },
			transitionHours: { avg: 60 },
			transitionedStack: { type: "item", code: "game:rot" },
			transitionRatio: 1
		}]
	},
	materialDensity: 200,
	guiTransform: {
		translation: { x: 0, y: 0, z: 0 },
		rotation: { x: -30, y: 26, z: 180 },
		origin: { x: 0.52, y: 0.07, z: 0.5 },
		scale: 4.9
	},
	groundTransform: {
		translation: { x: 0, y: 0, z: 0 },
		rotation: { x: 0, y: 0, z: 1 },
		origin: { x: 0.5, y: 0, z: 0.5 },
		scale: 6
	},
	tpHandTransform: {
		translation: { x: -0.36, y: -0.15, z: -0.3 },
		rotation: { x: 90, y: -3, z: 90 },
		origin: { x: 0.5, y: 0.13, z: 0.5 },
		scale: 1.4
	},
	fpHandTransform: {
		translation: { x: 0, y: 0.24, z: 0.3 },
		rotation: { x: 104, y: 0, z: 71 },
		origin: { x: 0.5, y: 0.1, z: 0.5 },
		scale: 2.5
	}
}