{
	code: "leaveneddough",
	class: "ItemDough",
	maxstacksize: 32,
	attributes: {
		displaycaseable: true,
		shelvable: true,
		bakingProperties: {
			temp: 160,
			levelFrom: 0.0,
			levelTo: 0.25,
			startScaleY: 0.9,
			endScaleY: 0.95,
			resultCode: "game:bread-{type}-partbaked",
		}
	},
	variantgroups: [
		{ code: "type", states: ["spelt", "rye", "flax", "rice", "cassava", "amaranth", "sunflower" ] },
	],
	shape: { base: "game:item/food/bread/{type}bread-dough" },
	textures: {
		"flaxbread-dough": {base: "game:item/food/grain/flaxbread" },
		"ricebread-dough": {base: "game:item/food/grain/ricebread" },
		"speltbread-dough": {base: "game:item/food/grain/speltbread" },
		"ryebread-dough": {base: "game:item/food/grain/ryebread" },
		"cassava": {base: "game:item/food/grain/cassavabread" },
		"amaranth": {base: "game:item/food/grain/amaranthbread" },
		"sunflower": {base: "game:item/food/grain/sunflowerbread" },
	},
	creativeinventory: { "general": ["*"], "items": ["*"] },
	materialDensity: 200,
	fpHandTransform: {
		translation: { x: 0, y: -0.1, z: 0 },
		rotation: { x: 180, y: 90, z: 22 }
	},
	combustibleProps: {
   	     meltingPoint: 200,
	     meltingDuration: 20,
	     smeltedRatio: 1,
	     smeltingType: "bake",
	     smeltedStack: { type: "item", code: "game:bread-{type}-charred" },
	     requiresContainer: false
	},
	guiTransform: {
		translation: { x: 0, y: 0, z: 0 },
		rotation: { x: -30, y: 26, z: 180 },
		origin: { x: 0.52, y: 0.07, z: 0.5 },
		scale: 4.9
	},
	groundTransform: {
		translation: { x: 0, y: 0, z: 0 },
		rotation: { x: 0, y: 0, z: 1 },
		origin: { x: 0.5, y: 0, z: 0.5 },
		scale: 4
	},
	fpHandTransform: {
		translation: { x: 0, y: 0.22, z: 0.2 },
		rotation: { x: 97, y: 1, z: -17 },
		origin: { x: 0.5, y: 0.1, z: 0.5 },
		scale: 2.5
	},
	tpHandTransform: {
		translation: { x: -0.69, y: -0.16, z: -0.53 },
		rotation: { x: 88, y: -85, z: 2 },
		origin: { x: 0.5, y: 0.13, z: 0.5 },
		scale: 0.8
	},
	transitionableProps: [{
		type: "Perish",
		freshHours: { avg: 24 },
		transitionHours: { avg: 12 },
		transitionedStack: { type: "item", code: "game:rot" },
		transitionRatio: 1
	}]
}