{
	"code": "sourdough",
	"heldTpIdleAnimation": "holdbothhands",
	"attributes": {
		"barrelMoveToLiquidSlot": true,
		"inContainerTexture": { "base": "game:block/wood/barrel/salt" }
	},
	"shape": { "base": "game:item/resource/crushed/rocksalt" },
	"texture": { "base": "game:item/food/grain/flaxbread" },
	"creativeinventory": {
		"general": [ "*" ],
		"items": [ "*" ]
	},
	"maxstacksize": 64,
	"materialDensity": 500,
	"guiTransform": {
		"translation": {
			"x": 0,
			"y": 1,
			"z": 0
		},
		"rotation": {
			"x": 123,
			"y": -33,
			"z": -13
		},
		"origin": {
			"x": 0.5,
			"y": 0,
			"z": 0.5
		},
		"scale": 1.4
	},
	"fpHandTransform": {
		"translation": {
			"x": 0,
			"y": 0,
			"z": 0
		},
		"rotation": {
			"x": 25,
			"y": 157,
			"z": -5
		}
	},
	"tpHandTransform": {
		"translation": {
			"x": -0.3,
			"y": 0,
			"z": 0.7
		},
		"rotation": {
			"x": 33,
			"y": 7,
			"z": -109
		},
		"origin": {
			"x": 0,
			"y": 0,
			"z": 0
		},
		"scale": 0.46
	},
	"groundTransform": {
		"translation": {
			"x": 0,
			"y": 0.28,
			"z": 0
		},
		"rotation": {
			"x": 0,
			"y": 0,
			"z": 0
		},
		"scale": 2.4
	},
	"transitionableProps": [
		{
			"type": "Perish",
			"freshHours": { "avg": 48 },
			"transitionHours": { "avg": 12 },
			"transitionedStack": {
				"type": "item",
				"code": "game:rot"
			},
			"transitionRatio": 1
		}
	]
}