{
	"editor": {
		"allAngles": false,
		"entityTextureMode": false
	},
	"textureWidth": 16,
	"textureHeight": 16,
	"textureSizes": {
	},
	"textures": {
		"bulb": "plant/garlic/bulb",
		"e": "plant/garlic/e6",
		"s": "plant/garlic/s6"
	},
	"elements": [
		{
			"name": "garlic 1 ",
			"from": [ 1.75, 0.0, 2.25 ],
			"to": [ 3.75, 1.0, 4.25 ],
			"rotationOrigin": [ 2.5, 0.0, 3.0 ],
			"rotationY": 45.0,
			"faces": {
				"north": { "texture": "#bulb", "uv": [ 0.0, 8.0, 4.0, 10.0 ], "autoUv": false, "windMode": [0,0,0,0] },
				"east": { "texture": "#bulb", "uv": [ 0.5, 13.5, 4.5, 15.5 ], "autoUv": false, "windMode": [0,0,0,0] },
				"south": { "texture": "#bulb", "uv": [ 5.0, 7.5, 9.0, 9.5 ], "autoUv": false, "windMode": [0,0,0,0] },
				"west": { "texture": "#bulb", "uv": [ 5.0, 13.5, 9.0, 15.5 ], "autoUv": false, "windMode": [0,0,0,0] },
				"up": { "texture": "#bulb", "uv": [ 7.0, 0.5, 10.0, 3.5 ], "autoUv": false, "windMode": [0,0,0,0] }
			},
			"children": [
				{
					"name": "s 1",
					"from": [ -5.5, 0.5, 1.0 ],
					"to": [ 7.5, 8.5, 1.0 ],
					"shade": false,
					"rotationOrigin": [ 0.75, 2.0, -0.25 ],
					"faces": {
						"south": { "texture": "#s", "uv": [ 1.5, 8.0, 14.5, 16.0 ], "windMode": [0,0,2,2] }
					}
				},
				{
					"name": "e 1",
					"from": [ 1.0, 0.5, -5.9 ],
					"to": [ 1.0, 8.5, 7.1 ],
					"shade": false,
					"rotationOrigin": [ 0.75, 1.0, 0.75 ],
					"faces": {
						"east": { "texture": "#e", "uv": [ 1.5, 8.0, 14.5, 16.0 ], "windMode": [0,2,2,0] }
					}
				},
				{
					"name": "garlic 1 top",
					"from": [ 0.5, 1.0, 0.5 ],
					"to": [ 1.5, 1.5, 1.5 ],
					"rotationOrigin": [ -0.25, 1.0, -0.25 ],
					"faces": {
						"north": { "texture": "#bulb", "uv": [ 3.5, 5.0, 1.5, 6.0 ], "autoUv": false, "windMode": [0,0,0,0] },
						"east": { "texture": "#bulb", "uv": [ 1.5, 11.5, 3.5, 12.5 ], "autoUv": false },
						"south": { "texture": "#bulb", "uv": [ 6.0, 5.0, 8.0, 6.0 ], "autoUv": false },
						"west": { "texture": "#bulb", "uv": [ 6.5, 11.5, 8.5, 12.5 ], "autoUv": false },
						"up": { "texture": "#bulb", "uv": [ 1.5, 1.0, 3.5, 3.0 ], "autoUv": false }
					}
				}
			]
		},
		{
			"name": "garlic 2",
			"from": [ 7.0, 0.0, 3.25 ],
			"to": [ 9.0, 1.0, 5.25 ],
			"rotationOrigin": [ 8.0, 0.0, 4.0 ],
			"rotationY": 90.0,
			"faces": {
				"north": { "texture": "#bulb", "uv": [ 0.0, 8.0, 4.0, 10.0 ], "autoUv": false, "windMode": [0,0,0,0] },
				"east": { "texture": "#bulb", "uv": [ 0.5, 13.5, 4.5, 15.5 ], "autoUv": false },
				"south": { "texture": "#bulb", "uv": [ 5.0, 7.5, 9.0, 9.5 ], "autoUv": false },
				"west": { "texture": "#bulb", "uv": [ 5.0, 13.5, 9.0, 15.5 ], "autoUv": false },
				"up": { "texture": "#bulb", "uv": [ 7.0, 0.5, 10.0, 3.5 ], "autoUv": false }
			},
			"children": [
				{
					"name": "s 2",
					"from": [ -5.5, 0.5, 1.0 ],
					"to": [ 7.5, 8.5, 1.0 ],
					"shade": false,
					"rotationOrigin": [ 0.75, 2.0, -0.25 ],
					"faces": {
						"south": { "texture": "#s", "uv": [ 1.5, 8.0, 14.5, 16.0 ], "windMode": [0,0,2,2] }
					}
				},
				{
					"name": "e 2",
					"from": [ 1.0, 0.5, -5.9 ],
					"to": [ 1.0, 8.5, 7.1 ],
					"shade": false,
					"rotationOrigin": [ 0.75, 1.0, 0.75 ],
					"faces": {
						"east": { "texture": "#e", "uv": [ 1.5, 8.0, 14.5, 16.0 ], "windMode": [0,2,2,0] }
					}
				},
				{
					"name": "garlic 2 top",
					"from": [ 0.5, 1.0, 0.5 ],
					"to": [ 1.5, 1.5, 1.5 ],
					"rotationOrigin": [ -0.25, 1.0, -0.25 ],
					"faces": {
						"north": { "texture": "#bulb", "uv": [ 3.5, 5.0, 1.5, 6.0 ], "autoUv": false, "windMode": [0,0,0,0] },
						"east": { "texture": "#bulb", "uv": [ 1.5, 11.5, 3.5, 12.5 ], "autoUv": false },
						"south": { "texture": "#bulb", "uv": [ 6.0, 5.0, 8.0, 6.0 ], "autoUv": false },
						"west": { "texture": "#bulb", "uv": [ 6.5, 11.5, 8.5, 12.5 ], "autoUv": false },
						"up": { "texture": "#bulb", "uv": [ 1.5, 1.0, 3.5, 3.0 ], "autoUv": false }
					}
				}
			]
		},
		{
			"name": "garlic 3",
			"from": [ 13.0, 0.0, 1.5 ],
			"to": [ 15.0, 1.0, 3.5 ],
			"rotationOrigin": [ 14.0, 0.0, 2.0 ],
			"rotationY": -45.0,
			"faces": {
				"north": { "texture": "#bulb", "uv": [ 0.0, 8.0, 4.0, 10.0 ], "autoUv": false, "windMode": [0,0,0,0] },
				"east": { "texture": "#bulb", "uv": [ 0.5, 13.5, 4.5, 15.5 ], "autoUv": false },
				"south": { "texture": "#bulb", "uv": [ 5.0, 7.5, 9.0, 9.5 ], "autoUv": false },
				"west": { "texture": "#bulb", "uv": [ 5.0, 13.5, 9.0, 15.5 ], "autoUv": false },
				"up": { "texture": "#bulb", "uv": [ 7.0, 0.5, 10.0, 3.5 ], "autoUv": false }
			},
			"children": [
				{
					"name": "s 3",
					"from": [ -5.5, 0.5, 1.0 ],
					"to": [ 7.5, 8.5, 1.0 ],
					"shade": false,
					"rotationOrigin": [ 0.75, 2.0, -0.25 ],
					"faces": {
						"south": { "texture": "#s", "uv": [ 1.5, 8.0, 14.5, 16.0 ], "windMode": [0,0,2,2] }
					}
				},
				{
					"name": "e 3",
					"from": [ 1.0, 0.5, -5.9 ],
					"to": [ 1.0, 8.5, 7.1 ],
					"shade": false,
					"rotationOrigin": [ 0.75, 1.0, 0.75 ],
					"faces": {
						"east": { "texture": "#e", "uv": [ 1.5, 8.0, 14.5, 16.0 ], "windMode": [0,2,2,0] }
					}
				},
				{
					"name": "garlic 3 top",
					"from": [ 0.5, 1.0, 0.5 ],
					"to": [ 1.5, 1.5, 1.5 ],
					"rotationOrigin": [ -0.25, 1.0, -0.25 ],
					"faces": {
						"north": { "texture": "#bulb", "uv": [ 3.5, 5.0, 1.5, 6.0 ], "autoUv": false },
						"east": { "texture": "#bulb", "uv": [ 1.5, 11.5, 3.5, 12.5 ], "autoUv": false },
						"south": { "texture": "#bulb", "uv": [ 6.0, 5.0, 8.0, 6.0 ], "autoUv": false },
						"west": { "texture": "#bulb", "uv": [ 6.5, 11.5, 8.5, 12.5 ], "autoUv": false },
						"up": { "texture": "#bulb", "uv": [ 1.5, 1.0, 3.5, 3.0 ], "autoUv": false }
					}
				}
			]
		},
		{
			"name": "garlic 5",
			"from": [ 6.5, 0.0, 12.0 ],
			"to": [ 8.5, 1.0, 14.0 ],
			"rotationOrigin": [ 8.0, 0.0, 13.0 ],
			"rotationY": -112.5,
			"faces": {
				"north": { "texture": "#bulb", "uv": [ 0.0, 8.0, 4.0, 10.0 ], "autoUv": false, "windMode": [0,0,0,0] },
				"east": { "texture": "#bulb", "uv": [ 0.5, 13.5, 4.5, 15.5 ], "autoUv": false },
				"south": { "texture": "#bulb", "uv": [ 5.0, 7.5, 9.0, 9.5 ], "autoUv": false },
				"west": { "texture": "#bulb", "uv": [ 5.0, 13.5, 9.0, 15.5 ], "autoUv": false },
				"up": { "texture": "#bulb", "uv": [ 7.0, 0.5, 10.0, 3.5 ], "autoUv": false }
			},
			"children": [
				{
					"name": "s 5",
					"from": [ -5.5, 0.5, 1.0 ],
					"to": [ 7.5, 8.5, 1.0 ],
					"shade": false,
					"rotationOrigin": [ 0.75, 2.0, -0.25 ],
					"faces": {
						"south": { "texture": "#s", "uv": [ 1.5, 8.0, 14.5, 16.0 ], "windMode": [0,0,2,2] }
					}
				},
				{
					"name": "e 5",
					"from": [ 1.0, 0.5, -5.9 ],
					"to": [ 1.0, 8.5, 7.1 ],
					"shade": false,
					"rotationOrigin": [ 0.75, 1.0, 0.75 ],
					"faces": {
						"east": { "texture": "#e", "uv": [ 1.5, 8.0, 14.5, 16.0 ], "windMode": [0,2,2,0] }
					}
				},
				{
					"name": "garlic 5 top",
					"from": [ 0.5, 1.0, 0.5 ],
					"to": [ 1.5, 1.5, 1.5 ],
					"rotationOrigin": [ -0.25, 1.0, -0.25 ],
					"faces": {
						"north": { "texture": "#bulb", "uv": [ 3.5, 5.0, 1.5, 6.0 ], "autoUv": false, "windMode": [0,0,0,0] },
						"east": { "texture": "#bulb", "uv": [ 1.5, 11.5, 3.5, 12.5 ], "autoUv": false },
						"south": { "texture": "#bulb", "uv": [ 6.0, 5.0, 8.0, 6.0 ], "autoUv": false },
						"west": { "texture": "#bulb", "uv": [ 6.5, 11.5, 8.5, 12.5 ], "autoUv": false },
						"up": { "texture": "#bulb", "uv": [ 1.5, 1.0, 3.5, 3.0 ], "autoUv": false }
					}
				}
			]
		},
		{
			"name": "garlic 4",
			"from": [ 12.0, 0.0, 10.0 ],
			"to": [ 14.0, 1.0, 12.0 ],
			"rotationOrigin": [ 13.0, 0.0, 10.0 ],
			"rotationY": 45.0,
			"faces": {
				"north": { "texture": "#bulb", "uv": [ 0.0, 8.0, 4.0, 10.0 ], "autoUv": false, "windMode": [0,0,0,0] },
				"east": { "texture": "#bulb", "uv": [ 0.5, 13.5, 4.5, 15.5 ], "autoUv": false },
				"south": { "texture": "#bulb", "uv": [ 5.0, 7.5, 9.0, 9.5 ], "autoUv": false },
				"west": { "texture": "#bulb", "uv": [ 5.0, 13.5, 9.0, 15.5 ], "autoUv": false },
				"up": { "texture": "#bulb", "uv": [ 7.0, 0.5, 10.0, 3.5 ], "autoUv": false }
			},
			"children": [
				{
					"name": "s 4",
					"from": [ -5.5, 0.5, 1.0 ],
					"to": [ 7.5, 8.5, 1.0 ],
					"shade": false,
					"rotationOrigin": [ 0.75, 2.0, -0.25 ],
					"faces": {
						"south": { "texture": "#s", "uv": [ 1.5, 8.0, 14.5, 16.0 ], "windMode": [0,0,2,2] }
					}
				},
				{
					"name": "e 4",
					"from": [ 1.0, 0.5, -5.9 ],
					"to": [ 1.0, 8.5, 7.1 ],
					"shade": false,
					"rotationOrigin": [ 0.75, 1.0, 0.75 ],
					"faces": {
						"east": { "texture": "#e", "uv": [ 1.5, 8.0, 14.5, 16.0 ], "windMode": [0,2,2,0] }
					}
				},
				{
					"name": "garlic 4 top",
					"from": [ 0.5, 1.0, 0.5 ],
					"to": [ 1.5, 1.5, 1.5 ],
					"rotationOrigin": [ -0.25, 1.0, -0.25 ],
					"faces": {
						"north": { "texture": "#bulb", "uv": [ 3.5, 5.0, 1.5, 6.0 ], "autoUv": false, "windMode": [0,0,0,0] },
						"east": { "texture": "#bulb", "uv": [ 1.5, 11.5, 3.5, 12.5 ], "autoUv": false },
						"south": { "texture": "#bulb", "uv": [ 6.0, 5.0, 8.0, 6.0 ], "autoUv": false },
						"west": { "texture": "#bulb", "uv": [ 6.5, 11.5, 8.5, 12.5 ], "autoUv": false },
						"up": { "texture": "#bulb", "uv": [ 1.5, 1.0, 3.5, 3.0 ], "autoUv": false }
					}
				}
			]
		},
		{
			"name": "garlic 6",
			"from": [ 2.5, 0.0, 13.25 ],
			"to": [ 4.5, 1.0, 15.25 ],
			"rotationOrigin": [ 4.0, 0.0, 13.0 ],
			"rotationY": -135.0,
			"faces": {
				"north": { "texture": "#bulb", "uv": [ 0.0, 8.0, 4.0, 10.0 ], "autoUv": false, "windMode": [0,0,0,0] },
				"east": { "texture": "#bulb", "uv": [ 0.5, 13.5, 4.5, 15.5 ], "autoUv": false },
				"south": { "texture": "#bulb", "uv": [ 5.0, 7.5, 9.0, 9.5 ], "autoUv": false },
				"west": { "texture": "#bulb", "uv": [ 5.0, 13.5, 9.0, 15.5 ], "autoUv": false },
				"up": { "texture": "#bulb", "uv": [ 7.0, 0.5, 10.0, 3.5 ], "autoUv": false }
			},
			"children": [
				{
					"name": "s 6",
					"from": [ -5.5, 0.5, 1.0 ],
					"to": [ 7.5, 8.5, 1.0 ],
					"shade": false,
					"rotationOrigin": [ 0.75, 2.0, -0.25 ],
					"faces": {
						"south": { "texture": "#s", "uv": [ 1.5, 8.0, 14.5, 16.0 ], "windMode": [0,0,2,2] }
					}
				},
				{
					"name": "e 6",
					"from": [ 1.0, 0.5, -5.9 ],
					"to": [ 1.0, 8.5, 7.1 ],
					"shade": false,
					"rotationOrigin": [ 0.75, 1.0, 0.75 ],
					"faces": {
						"east": { "texture": "#e", "uv": [ 1.5, 8.0, 14.5, 16.0 ], "windMode": [0,2,2,0] }
					}
				},
				{
					"name": "garlic 6 top",
					"from": [ 0.5, 1.0, 0.5 ],
					"to": [ 1.5, 1.5, 1.5 ],
					"rotationOrigin": [ -0.25, 1.0, -0.25 ],
					"faces": {
						"north": { "texture": "#bulb", "uv": [ 3.5, 5.0, 1.5, 6.0 ], "autoUv": false, "windMode": [0,0,0,0] },
						"east": { "texture": "#bulb", "uv": [ 1.5, 11.5, 3.5, 12.5 ], "autoUv": false },
						"south": { "texture": "#bulb", "uv": [ 6.0, 5.0, 8.0, 6.0 ], "autoUv": false },
						"west": { "texture": "#bulb", "uv": [ 6.5, 11.5, 8.5, 12.5 ], "autoUv": false },
						"up": { "texture": "#bulb", "uv": [ 1.5, 1.0, 3.5, 3.0 ], "autoUv": false }
					}
				}
			]
		}
	]}