{
	"editor": {
		"allAngles": false,
		"entityTextureMode": false
	},
	"textureWidth": 16,
	"textureHeight": 16,
	"textureSizes": {
	},
	"textures": {
		"bulb": "plant/garlic/bulb",
		"e": "plant/garlic/e1",
		"s": "plant/garlic/s1"
	},
	"elements": [
		{
			"name": "garlic 1",
			"from": [ 1.5, 0.0, 2.0 ],
			"to": [ 3.5, 0.5, 4.0 ],
			"rotationOrigin": [ 2.5, 0.0, 3.0 ],
			"rotationY": 45.0,
			"faces": {
			},
			"children": [
				{
					"name": "garlic 1 top",
					"from": [ 0.5, 0.0, 0.5 ],
					"to": [ 1.25, 0.55, 1.25 ],
					"faces": {
						"north": { "texture": "#bulb", "uv": [ 10.0, 7.5, 12.0, 8.5 ], "autoUv": false, "windMode": [0,0,0,0] },
						"east": { "texture": "#bulb", "uv": [ 10.0, 7.5, 12.0, 8.5 ], "autoUv": false, "windMode": [0,0,0,0] },
						"south": { "texture": "#bulb", "uv": [ 10.0, 7.5, 12.0, 8.5 ], "autoUv": false, "windMode": [0,0,0,0] },
						"west": { "texture": "#bulb", "uv": [ 10.0, 7.5, 12.0, 8.5 ], "autoUv": false, "windMode": [0,0,0,0] },
						"up": { "texture": "#bulb", "uv": [ 1.5, 1.0, 3.5, 3.0 ], "autoUv": false, "windMode": [0,0,0,0] }
					}
				},
				{
					"name": "s 1",
					"from": [ -5.25, -0.5, 0.75 ],
					"to": [ 7.75, 7.5, 0.75 ],
					"shade": false,
					"rotationOrigin": [ 1.0, 1.0, 0.0 ],
					"faces": {
						"south": { "texture": "#s", "uv": [ 1.5, 8.0, 14.5, 16.0 ], "windMode": [0,0,1,1] }
					}
				},
				{
					"name": "e 1",
					"from": [ 0.75, -0.5, -5.75 ],
					"to": [ 0.75, 7.5, 7.25 ],
					"shade": false,
					"rotationOrigin": [ 1.0, 0.0, 1.0 ],
					"faces": {
						"east": { "texture": "#e", "uv": [ 1.5, 8.0, 14.5, 16.0 ], "windMode": [0,1,1,0] }
					}
				}
			]
		},
		{
			"name": "garlic 2",
			"from": [ 6.5, 0.0, 3.0 ],
			"to": [ 8.5, 0.5, 5.0 ],
			"rotationOrigin": [ 7.5, 0.0, 4.0 ],
			"rotationY": -90.0,
			"faces": {
			},
			"children": [
				{
					"name": "garlic 2 top",
					"from": [ 0.5, 0.0, 0.5 ],
					"to": [ 1.25, 0.58, 1.25 ],
					"faces": {
						"north": { "texture": "#bulb", "uv": [ 10.0, 7.5, 12.0, 8.5 ], "autoUv": false },
						"east": { "texture": "#bulb", "uv": [ 10.0, 7.5, 12.0, 8.5 ], "autoUv": false },
						"south": { "texture": "#bulb", "uv": [ 10.0, 7.5, 12.0, 8.5 ], "autoUv": false },
						"west": { "texture": "#bulb", "uv": [ 10.0, 7.5, 12.0, 8.5 ], "autoUv": false },
						"up": { "texture": "#bulb", "uv": [ 1.5, 1.0, 3.5, 3.0 ], "autoUv": false }
					}
				},
				{
					"name": "s 2",
					"from": [ -5.25, -0.5, 0.75 ],
					"to": [ 7.75, 7.5, 0.75 ],
					"shade": false,
					"rotationOrigin": [ 1.0, 1.0, 0.0 ],
					"faces": {
						"south": { "texture": "#s", "uv": [ 1.5, 8.0, 14.5, 16.0 ], "windMode": [0,0,1,1] }
					}
				},
				{
					"name": "e 2",
					"from": [ 0.75, -0.5, -5.75 ],
					"to": [ 0.75, 7.5, 7.25 ],
					"shade": false,
					"rotationOrigin": [ 1.0, 0.0, 1.0 ],
					"faces": {
						"east": { "texture": "#e", "uv": [ 1.5, 8.0, 14.5, 16.0 ], "windMode": [0,1,1,0] }
					}
				}
			]
		},
		{
			"name": "garlic 3",
			"from": [ 12.5, 0.0, 1.0 ],
			"to": [ 14.5, 0.5, 3.0 ],
			"rotationOrigin": [ 13.5, 0.0, 2.0 ],
			"rotationY": -135.0,
			"faces": {
			},
			"children": [
				{
					"name": "garlic 3 top",
					"from": [ 0.5, 0.0, 0.5 ],
					"to": [ 1.25, 0.58, 1.25 ],
					"faces": {
						"north": { "texture": "#bulb", "uv": [ 10.0, 7.5, 12.0, 8.5 ], "autoUv": false },
						"east": { "texture": "#bulb", "uv": [ 10.0, 7.5, 12.0, 8.5 ], "autoUv": false },
						"south": { "texture": "#bulb", "uv": [ 10.0, 7.5, 12.0, 8.5 ], "autoUv": false },
						"west": { "texture": "#bulb", "uv": [ 10.0, 7.5, 12.0, 8.5 ], "autoUv": false },
						"up": { "texture": "#bulb", "uv": [ 1.5, 1.0, 3.5, 3.0 ], "autoUv": false }
					}
				},
				{
					"name": "s 3",
					"from": [ -5.25, -0.5, 0.75 ],
					"to": [ 7.75, 7.5, 0.75 ],
					"shade": false,
					"rotationOrigin": [ 1.0, 1.0, 0.0 ],
					"faces": {
						"south": { "texture": "#s", "uv": [ 1.5, 8.0, 14.5, 16.0 ], "windMode": [-1,-1,1,1] }
					}
				},
				{
					"name": "e 3",
					"from": [ 0.75, -0.5, -5.75 ],
					"to": [ 0.75, 7.5, 7.25 ],
					"shade": false,
					"rotationOrigin": [ 1.0, 0.0, 1.0 ],
					"faces": {
						"east": { "texture": "#e", "uv": [ 1.5, 8.0, 14.5, 16.0 ], "windMode": [0,1,1,0] }
					}
				}
			]
		},
		{
			"name": "garlic 4",
			"from": [ 12.5, 0.0, 9.0 ],
			"to": [ 14.5, 0.5, 11.0 ],
			"rotationOrigin": [ 13.5, 0.0, 10.0 ],
			"rotationY": 22.5,
			"faces": {
			},
			"children": [
				{
					"name": "garlic 4 top",
					"from": [ 0.5, 0.0, 0.5 ],
					"to": [ 1.25, 0.55, 1.25 ],
					"faces": {
						"north": { "texture": "#bulb", "uv": [ 10.0, 7.5, 12.0, 8.5 ], "autoUv": false },
						"east": { "texture": "#bulb", "uv": [ 10.0, 7.5, 12.0, 8.5 ], "autoUv": false },
						"south": { "texture": "#bulb", "uv": [ 10.0, 7.5, 12.0, 8.5 ], "autoUv": false },
						"west": { "texture": "#bulb", "uv": [ 10.0, 7.5, 12.0, 8.5 ], "autoUv": false },
						"up": { "texture": "#bulb", "uv": [ 1.5, 1.0, 3.5, 3.0 ], "autoUv": false }
					}
				},
				{
					"name": "s 4",
					"from": [ -5.25, -0.5, 0.75 ],
					"to": [ 7.75, 7.5, 0.75 ],
					"shade": false,
					"rotationOrigin": [ 1.0, 1.0, 0.0 ],
					"faces": {
						"south": { "texture": "#s", "uv": [ 1.5, 8.0, 14.5, 16.0 ], "windMode": [0,0,1,1] }
					}
				},
				{
					"name": "e 4",
					"from": [ 0.75, -0.5, -5.75 ],
					"to": [ 0.75, 7.5, 7.25 ],
					"shade": false,
					"rotationOrigin": [ 1.0, -2.0, 1.0 ],
					"faces": {
						"east": { "texture": "#e", "uv": [ 1.5, 8.0, 14.5, 16.0 ], "windMode": [0,1,1,0] }
					}
				}
			]
		},
		{
			"name": "garlic 5",
			"from": [ 7.5, 0.0, 12.0 ],
			"to": [ 9.5, 0.5, 14.0 ],
			"rotationOrigin": [ 8.5, 0.0, 13.0 ],
			"rotationY": -112.5,
			"faces": {
			},
			"children": [
				{
					"name": "garlic 5 top",
					"from": [ 0.5, 0.0, 0.5 ],
					"to": [ 1.25, 0.54, 1.25 ],
					"faces": {
						"north": { "texture": "#bulb", "uv": [ 10.0, 7.5, 12.0, 8.5 ], "autoUv": false },
						"east": { "texture": "#bulb", "uv": [ 10.0, 7.5, 12.0, 8.5 ], "autoUv": false },
						"south": { "texture": "#bulb", "uv": [ 10.0, 7.5, 12.0, 8.5 ], "autoUv": false },
						"west": { "texture": "#bulb", "uv": [ 10.0, 7.5, 12.0, 8.5 ], "autoUv": false },
						"up": { "texture": "#bulb", "uv": [ 1.5, 1.0, 3.5, 3.0 ], "autoUv": false }
					}
				},
				{
					"name": "s 5",
					"from": [ -5.4, -0.5, 0.75 ],
					"to": [ 7.6, 7.5, 0.75 ],
					"shade": false,
					"rotationOrigin": [ 1.0, 1.0, 0.0 ],
					"faces": {
						"south": { "texture": "#s", "uv": [ 1.5, 8.0, 14.5, 16.0 ], "windMode": [0,0,1,1] }
					}
				},
				{
					"name": "e 5",
					"from": [ 0.75, -0.5, -5.8 ],
					"to": [ 0.75, 7.5, 7.2 ],
					"shade": false,
					"rotationOrigin": [ 1.0, 0.0, 1.0 ],
					"faces": {
						"east": { "texture": "#e", "uv": [ 1.5, 8.0, 14.5, 16.0 ], "windMode": [0,1,1,0] }
					}
				}
			]
		},
		{
			"name": "garlic 6",
			"from": [ 1.5, 0.0, 11.0 ],
			"to": [ 3.5, 0.5, 13.0 ],
			"rotationOrigin": [ 2.5, 0.0, 12.0 ],
			"rotationY": 67.5,
			"faces": {
			},
			"children": [
				{
					"name": "garlic 6 top",
					"from": [ 0.5, 0.0, 0.5 ],
					"to": [ 1.25, 0.59, 1.25 ],
					"faces": {
						"north": { "texture": "#bulb", "uv": [ 10.0, 7.5, 12.0, 8.5 ], "autoUv": false },
						"east": { "texture": "#bulb", "uv": [ 10.0, 7.5, 12.0, 8.5 ], "autoUv": false },
						"south": { "texture": "#bulb", "uv": [ 10.0, 7.5, 12.0, 8.5 ], "autoUv": false },
						"west": { "texture": "#bulb", "uv": [ 10.0, 7.5, 12.0, 8.5 ], "autoUv": false },
						"up": { "texture": "#bulb", "uv": [ 1.5, 1.0, 3.5, 3.0 ], "autoUv": false }
					}
				},
				{
					"name": "s 6",
					"from": [ -5.3, -0.5, 0.8 ],
					"to": [ 7.7, 7.5, 0.8 ],
					"shade": false,
					"rotationOrigin": [ 1.0, 1.0, 0.0 ],
					"faces": {
						"south": { "texture": "#s", "uv": [ 1.5, 8.0, 14.5, 16.0 ], "windMode": [0,0,1,1] }
					}
				},
				{
					"name": "e 6",
					"from": [ 0.75, -0.5, -5.9 ],
					"to": [ 0.75, 7.5, 7.1 ],
					"shade": false,
					"rotationOrigin": [ 1.0, 0.0, 1.0 ],
					"faces": {
						"east": { "texture": "#e", "uv": [ 1.5, 8.0, 14.5, 16.0 ], "windMode": [0,1,1,0] }
					}
				}
			]
		}
	]}