{
	"editor": {
		"allAngles": false,
		"entityTextureMode": false
	},
	"textureWidth": 16,
	"textureHeight": 16,
	"textureSizes": {
	},
	"textures": {
		"bulb": "plant/garlic/bulb",
		"e": "plant/garlic/e7",
		"s": "plant/garlic/s7"
	},
	"elements": [
		{
			"name": "garlic 1 ",
			"from": [ 1.75, 0.0, 2.25 ],
			"to": [ 4.25, 1.5, 4.75 ],
			"rotationOrigin": [ 2.5, 0.0, 3.0 ],
			"rotationY": 45.0,
			"faces": {
				"north": { "texture": "#bulb", "uv": [ 0.0, 7.0, 5.0, 10.0 ], "autoUv": false, "windMode": [0,0,0,0] },
				"east": { "texture": "#bulb", "uv": [ 0.0, 13.0, 5.0, 16.0 ], "autoUv": false, "windMode": [0,0,0,0] },
				"south": { "texture": "#bulb", "uv": [ 5.0, 7.0, 10.0, 10.0 ], "autoUv": false, "windMode": [0,0,0,0] },
				"west": { "texture": "#bulb", "uv": [ 5.0, 13.0, 10.0, 16.0 ], "autoUv": false, "windMode": [0,0,0,0] },
				"up": { "texture": "#bulb", "uv": [ 11.0, 5.5, 16.0, 10.5 ], "autoUv": false, "windMode": [0,0,0,0] }
			},
			"children": [
				{
					"name": "s 1",
					"from": [ -5.0, 2.0, 1.0 ],
					"to": [ 8.0, 13.0, 1.0 ],
					"shade": false,
					"rotationOrigin": [ 0.75, 4.0, -0.25 ],
					"faces": {
						"south": { "texture": "#s", "uv": [ 1.5, 1.5, 14.5, 16.0 ], "autoUv": false, "windMode": [0,0,2,2] }
					}
				},
				{
					"name": "e 1",
					"from": [ 1.25, 2.0, -5.5 ],
					"to": [ 1.25, 13.0, 7.5 ],
					"shade": false,
					"rotationOrigin": [ 0.75, 3.0, 0.75 ],
					"faces": {
						"east": { "texture": "#e", "uv": [ 1.5, 1.5, 14.5, 16.0 ], "autoUv": false, "windMode": [0,2,2,0] }
					}
				},
				{
					"name": "garlic 1 top",
					"from": [ 0.25, 1.5, 0.25 ],
					"to": [ 2.25, 2.0, 2.25 ],
					"rotationOrigin": [ -0.25, 1.0, -0.25 ],
					"faces": {
						"north": { "texture": "#bulb", "uv": [ 0.5, 6.0, 4.5, 7.0 ], "autoUv": false },
						"east": { "texture": "#bulb", "uv": [ 0.0, 12.5, 4.0, 13.5 ], "autoUv": false },
						"south": { "texture": "#bulb", "uv": [ 5.5, 6.0, 9.5, 7.0 ], "autoUv": false },
						"west": { "texture": "#bulb", "uv": [ 5.5, 12.5, 9.5, 13.5 ], "autoUv": false },
						"up": { "texture": "#bulb", "uv": [ 6.5, 0.0, 10.5, 4.0 ], "autoUv": false }
					}
				},
				{
					"name": "garlic 1 top2",
					"from": [ 0.5, 2.0, 0.5 ],
					"to": [ 2.0, 2.5, 2.0 ],
					"rotationOrigin": [ -0.25, 2.0, -0.25 ],
					"faces": {
						"north": { "texture": "#bulb", "uv": [ 1.0, 5.0, 4.0, 6.0 ], "autoUv": false },
						"east": { "texture": "#bulb", "uv": [ 1.0, 11.0, 4.0, 12.0 ], "autoUv": false },
						"south": { "texture": "#bulb", "uv": [ 5.5, 4.5, 8.5, 5.5 ], "autoUv": false },
						"west": { "texture": "#bulb", "uv": [ 5.5, 11.0, 8.5, 12.0 ], "autoUv": false },
						"up": { "texture": "#bulb", "uv": [ 1.0, 0.5, 4.0, 3.5 ], "autoUv": false }
					}
				}
			]
		},
		{
			"name": "garlic 2",
			"from": [ 7.0, 0.0, 2.5 ],
			"to": [ 9.5, 1.5, 5.0 ],
			"rotationOrigin": [ 8.0, 0.0, 4.0 ],
			"rotationY": 67.5,
			"faces": {
				"north": { "texture": "#bulb", "uv": [ 0.0, 7.0, 5.0, 10.0 ], "autoUv": false },
				"east": { "texture": "#bulb", "uv": [ 0.0, 13.0, 5.0, 16.0 ], "autoUv": false },
				"south": { "texture": "#bulb", "uv": [ 5.0, 7.0, 10.0, 10.0 ], "autoUv": false },
				"west": { "texture": "#bulb", "uv": [ 5.0, 13.0, 10.0, 16.0 ], "autoUv": false },
				"up": { "texture": "#bulb", "uv": [ 11.0, 5.5, 16.0, 10.5 ], "autoUv": false }
			},
			"children": [
				{
					"name": "s 2",
					"from": [ -5.0, 2.0, 1.0 ],
					"to": [ 8.0, 13.0, 1.0 ],
					"shade": false,
					"rotationOrigin": [ 0.75, 4.0, -0.25 ],
					"faces": {
						"south": { "texture": "#s", "uv": [ 1.5, 1.5, 14.5, 16.0 ], "autoUv": false, "windMode": [0,0,2,2] }
					}
				},
				{
					"name": "e 2",
					"from": [ 1.25, 2.0, -5.5 ],
					"to": [ 1.25, 13.0, 7.5 ],
					"shade": false,
					"rotationOrigin": [ 0.75, 3.0, 0.75 ],
					"faces": {
						"east": { "texture": "#e", "uv": [ 1.5, 1.5, 14.5, 16.0 ], "autoUv": false, "windMode": [-1,2,2,-1] }
					}
				},
				{
					"name": "garlic 2 top",
					"from": [ 0.25, 1.5, 0.25 ],
					"to": [ 2.25, 2.0, 2.25 ],
					"rotationOrigin": [ -0.25, 1.0, -0.25 ],
					"faces": {
						"north": { "texture": "#bulb", "uv": [ 0.5, 6.0, 4.5, 7.0 ], "autoUv": false },
						"east": { "texture": "#bulb", "uv": [ 0.0, 12.5, 4.0, 13.5 ], "autoUv": false },
						"south": { "texture": "#bulb", "uv": [ 5.5, 6.0, 9.5, 7.0 ], "autoUv": false },
						"west": { "texture": "#bulb", "uv": [ 5.5, 12.5, 9.5, 13.5 ], "autoUv": false },
						"up": { "texture": "#bulb", "uv": [ 6.5, 0.0, 10.5, 4.0 ], "autoUv": false }
					}
				},
				{
					"name": "garlic 2 top2",
					"from": [ 0.5, 2.0, 0.5 ],
					"to": [ 2.0, 2.5, 2.0 ],
					"rotationOrigin": [ -0.25, 2.0, -0.25 ],
					"faces": {
						"north": { "texture": "#bulb", "uv": [ 1.0, 5.0, 4.0, 6.0 ], "autoUv": false },
						"east": { "texture": "#bulb", "uv": [ 1.0, 11.0, 4.0, 12.0 ], "autoUv": false },
						"south": { "texture": "#bulb", "uv": [ 5.5, 4.5, 8.5, 5.5 ], "autoUv": false },
						"west": { "texture": "#bulb", "uv": [ 5.5, 11.0, 8.5, 12.0 ], "autoUv": false },
						"up": { "texture": "#bulb", "uv": [ 1.0, 0.5, 4.0, 3.5 ], "autoUv": false }
					}
				}
			]
		},
		{
			"name": "garlic 3",
			"from": [ 12.5, 0.0, 1.5 ],
			"to": [ 15.0, 1.5, 4.0 ],
			"rotationOrigin": [ 13.5, 0.0, 3.0 ],
			"rotationY": 112.5,
			"faces": {
				"north": { "texture": "#bulb", "uv": [ 0.0, 7.0, 5.0, 10.0 ], "autoUv": false },
				"east": { "texture": "#bulb", "uv": [ 0.0, 13.0, 5.0, 16.0 ], "autoUv": false },
				"south": { "texture": "#bulb", "uv": [ 5.0, 7.0, 10.0, 10.0 ], "autoUv": false },
				"west": { "texture": "#bulb", "uv": [ 5.0, 13.0, 10.0, 16.0 ], "autoUv": false },
				"up": { "texture": "#bulb", "uv": [ 11.0, 5.5, 16.0, 10.5 ], "autoUv": false }
			},
			"children": [
				{
					"name": "s 3",
					"from": [ -5.0, 2.0, 1.0 ],
					"to": [ 8.0, 13.0, 1.0 ],
					"shade": false,
					"rotationOrigin": [ 0.75, 4.0, -0.25 ],
					"faces": {
						"south": { "texture": "#s", "uv": [ 1.5, 1.5, 14.5, 16.0 ], "autoUv": false, "windMode": [-1,0,2,2] }
					}
				},
				{
					"name": "e 3",
					"from": [ 1.25, 2.0, -5.5 ],
					"to": [ 1.25, 13.0, 7.5 ],
					"shade": false,
					"rotationOrigin": [ 0.75, 3.0, 0.75 ],
					"faces": {
						"east": { "texture": "#e", "uv": [ 1.5, 1.5, 14.5, 16.0 ], "autoUv": false, "windMode": [-1,2,2,-1] }
					}
				},
				{
					"name": "garlic 3 top",
					"from": [ 0.25, 1.5, 0.25 ],
					"to": [ 2.25, 2.0, 2.25 ],
					"rotationOrigin": [ -0.25, 1.0, -0.25 ],
					"faces": {
						"north": { "texture": "#bulb", "uv": [ 0.5, 6.0, 4.5, 7.0 ], "autoUv": false },
						"east": { "texture": "#bulb", "uv": [ 0.0, 12.5, 4.0, 13.5 ], "autoUv": false },
						"south": { "texture": "#bulb", "uv": [ 5.5, 6.0, 9.5, 7.0 ], "autoUv": false },
						"west": { "texture": "#bulb", "uv": [ 5.5, 12.5, 9.5, 13.5 ], "autoUv": false },
						"up": { "texture": "#bulb", "uv": [ 6.5, 0.0, 10.5, 4.0 ], "autoUv": false }
					}
				},
				{
					"name": "garlic 3 top2",
					"from": [ 0.5, 2.0, 0.5 ],
					"to": [ 2.0, 2.5, 2.0 ],
					"rotationOrigin": [ -0.25, 2.0, -0.25 ],
					"faces": {
						"north": { "texture": "#bulb", "uv": [ 1.0, 5.0, 4.0, 6.0 ], "autoUv": false },
						"east": { "texture": "#bulb", "uv": [ 1.0, 11.0, 4.0, 12.0 ], "autoUv": false },
						"south": { "texture": "#bulb", "uv": [ 5.5, 4.5, 8.5, 5.5 ], "autoUv": false },
						"west": { "texture": "#bulb", "uv": [ 5.5, 11.0, 8.5, 12.0 ], "autoUv": false },
						"up": { "texture": "#bulb", "uv": [ 1.0, 0.5, 4.0, 3.5 ], "autoUv": false }
					}
				}
			]
		},
		{
			"name": "garlic 5",
			"from": [ 7.0, 0.0, 10.0 ],
			"to": [ 9.5, 1.5, 12.5 ],
			"rotationOrigin": [ 8.0, 0.0, 12.0 ],
			"rotationY": -112.5,
			"faces": {
				"north": { "texture": "#bulb", "uv": [ 0.0, 7.0, 5.0, 10.0 ], "autoUv": false },
				"east": { "texture": "#bulb", "uv": [ 0.0, 13.0, 5.0, 16.0 ], "autoUv": false },
				"south": { "texture": "#bulb", "uv": [ 5.0, 7.0, 10.0, 10.0 ], "autoUv": false },
				"west": { "texture": "#bulb", "uv": [ 5.0, 13.0, 10.0, 16.0 ], "autoUv": false },
				"up": { "texture": "#bulb", "uv": [ 11.0, 5.5, 16.0, 10.5 ], "autoUv": false }
			},
			"children": [
				{
					"name": "s 5",
					"from": [ -5.0, 2.0, 1.0 ],
					"to": [ 8.0, 13.0, 1.0 ],
					"shade": false,
					"rotationOrigin": [ 0.75, 4.0, -0.25 ],
					"faces": {
						"south": { "texture": "#s", "uv": [ 1.5, 1.5, 14.5, 16.0 ], "autoUv": false, "windMode": [-1,-1,2,2] }
					}
				},
				{
					"name": "e 5",
					"from": [ 1.25, 2.0, -5.5 ],
					"to": [ 1.25, 13.0, 7.5 ],
					"shade": false,
					"rotationOrigin": [ 0.75, 3.0, 0.75 ],
					"faces": {
						"east": { "texture": "#e", "uv": [ 1.5, 1.5, 14.5, 16.0 ], "autoUv": false, "windMode": [-1,2,2,-1] }
					}
				},
				{
					"name": "garlic 5 top",
					"from": [ 0.25, 1.5, 0.25 ],
					"to": [ 2.25, 2.0, 2.25 ],
					"rotationOrigin": [ -0.25, 1.0, -0.25 ],
					"faces": {
						"north": { "texture": "#bulb", "uv": [ 0.5, 6.0, 4.5, 7.0 ], "autoUv": false },
						"east": { "texture": "#bulb", "uv": [ 0.0, 12.5, 4.0, 13.5 ], "autoUv": false },
						"south": { "texture": "#bulb", "uv": [ 5.5, 6.0, 9.5, 7.0 ], "autoUv": false },
						"west": { "texture": "#bulb", "uv": [ 5.5, 12.5, 9.5, 13.5 ], "autoUv": false },
						"up": { "texture": "#bulb", "uv": [ 6.5, 0.0, 10.5, 4.0 ], "autoUv": false }
					}
				},
				{
					"name": "garlic 5 top2",
					"from": [ 0.5, 2.0, 0.5 ],
					"to": [ 2.0, 2.5, 2.0 ],
					"rotationOrigin": [ -0.25, 2.0, -0.25 ],
					"faces": {
						"north": { "texture": "#bulb", "uv": [ 1.0, 5.0, 4.0, 6.0 ], "autoUv": false },
						"east": { "texture": "#bulb", "uv": [ 1.0, 11.0, 4.0, 12.0 ], "autoUv": false },
						"south": { "texture": "#bulb", "uv": [ 5.5, 4.5, 8.5, 5.5 ], "autoUv": false },
						"west": { "texture": "#bulb", "uv": [ 5.5, 11.0, 8.5, 12.0 ], "autoUv": false },
						"up": { "texture": "#bulb", "uv": [ 1.0, 0.5, 4.0, 3.5 ], "autoUv": false }
					}
				}
			]
		},
		{
			"name": "garlic 4",
			"from": [ 12.0, 0.0, 10.5 ],
			"to": [ 14.5, 1.5, 13.0 ],
			"rotationOrigin": [ 13.25, 0.0, 11.75 ],
			"rotationY": 112.5,
			"faces": {
				"north": { "texture": "#bulb", "uv": [ 0.0, 7.0, 5.0, 10.0 ], "autoUv": false },
				"east": { "texture": "#bulb", "uv": [ 0.0, 13.0, 5.0, 16.0 ], "autoUv": false },
				"south": { "texture": "#bulb", "uv": [ 5.0, 7.0, 10.0, 10.0 ], "autoUv": false },
				"west": { "texture": "#bulb", "uv": [ 5.0, 13.0, 10.0, 16.0 ], "autoUv": false },
				"up": { "texture": "#bulb", "uv": [ 11.0, 5.5, 16.0, 10.5 ], "autoUv": false }
			},
			"children": [
				{
					"name": "s 4",
					"from": [ -5.0, 2.0, 1.0 ],
					"to": [ 8.0, 13.0, 1.0 ],
					"shade": false,
					"rotationOrigin": [ 0.75, 4.0, -0.25 ],
					"faces": {
						"south": { "texture": "#s", "uv": [ 1.5, 1.5, 14.5, 16.0 ], "autoUv": false, "windMode": [-1,-1,2,2] }
					}
				},
				{
					"name": "e 4",
					"from": [ 1.25, 2.0, -5.5 ],
					"to": [ 1.25, 13.0, 7.5 ],
					"shade": false,
					"rotationOrigin": [ 0.75, 3.0, 0.75 ],
					"faces": {
						"east": { "texture": "#e", "uv": [ 1.5, 1.5, 14.5, 16.0 ], "autoUv": false, "windMode": [-1,2,2,-1] }
					}
				},
				{
					"name": "garlic 4 top",
					"from": [ 0.25, 1.5, 0.25 ],
					"to": [ 2.25, 2.0, 2.25 ],
					"rotationOrigin": [ -0.25, 1.0, -0.25 ],
					"faces": {
						"north": { "texture": "#bulb", "uv": [ 0.5, 6.0, 4.5, 7.0 ], "autoUv": false },
						"east": { "texture": "#bulb", "uv": [ 0.0, 12.5, 4.0, 13.5 ], "autoUv": false },
						"south": { "texture": "#bulb", "uv": [ 5.5, 6.0, 9.5, 7.0 ], "autoUv": false },
						"west": { "texture": "#bulb", "uv": [ 5.5, 12.5, 9.5, 13.5 ], "autoUv": false },
						"up": { "texture": "#bulb", "uv": [ 6.5, 0.0, 10.5, 4.0 ], "autoUv": false }
					}
				},
				{
					"name": "garlic 4 top2",
					"from": [ 0.5, 2.0, 0.5 ],
					"to": [ 2.0, 2.5, 2.0 ],
					"rotationOrigin": [ -0.25, 2.0, -0.25 ],
					"faces": {
						"north": { "texture": "#bulb", "uv": [ 1.0, 5.0, 4.0, 6.0 ], "autoUv": false },
						"east": { "texture": "#bulb", "uv": [ 1.0, 11.0, 4.0, 12.0 ], "autoUv": false },
						"south": { "texture": "#bulb", "uv": [ 5.5, 4.5, 8.5, 5.5 ], "autoUv": false },
						"west": { "texture": "#bulb", "uv": [ 5.5, 11.0, 8.5, 12.0 ], "autoUv": false },
						"up": { "texture": "#bulb", "uv": [ 1.0, 0.5, 4.0, 3.5 ], "autoUv": false }
					}
				}
			]
		},
		{
			"name": "garlic 6",
			"from": [ 2.0, 0.0, 10.5 ],
			"to": [ 4.5, 1.5, 13.0 ],
			"rotationOrigin": [ 3.0, 0.0, 12.0 ],
			"rotationY": -157.5,
			"faces": {
				"north": { "texture": "#bulb", "uv": [ 0.0, 7.0, 5.0, 10.0 ], "autoUv": false },
				"east": { "texture": "#bulb", "uv": [ 0.0, 13.0, 5.0, 16.0 ], "autoUv": false },
				"south": { "texture": "#bulb", "uv": [ 5.0, 7.0, 10.0, 10.0 ], "autoUv": false },
				"west": { "texture": "#bulb", "uv": [ 5.0, 13.0, 10.0, 16.0 ], "autoUv": false },
				"up": { "texture": "#bulb", "uv": [ 11.0, 5.5, 16.0, 10.5 ], "autoUv": false }
			},
			"children": [
				{
					"name": "s 6",
					"from": [ -5.0, 2.0, 1.0 ],
					"to": [ 8.0, 13.0, 1.0 ],
					"shade": false,
					"rotationOrigin": [ 0.75, 4.0, -0.25 ],
					"faces": {
						"south": { "texture": "#s", "uv": [ 1.5, 1.5, 14.5, 16.0 ], "autoUv": false, "windMode": [-1,-1,2,2] }
					}
				},
				{
					"name": "e 6",
					"from": [ 1.25, 2.0, -5.5 ],
					"to": [ 1.25, 13.0, 7.5 ],
					"shade": false,
					"rotationOrigin": [ 0.75, 3.0, 0.75 ],
					"faces": {
						"east": { "texture": "#e", "uv": [ 1.5, 1.5, 14.5, 16.0 ], "autoUv": false, "windMode": [-1,2,2,-1] }
					}
				},
				{
					"name": "garlic 6 top",
					"from": [ 0.25, 1.5, 0.25 ],
					"to": [ 2.25, 2.0, 2.25 ],
					"rotationOrigin": [ -0.25, 1.0, -0.25 ],
					"faces": {
						"north": { "texture": "#bulb", "uv": [ 0.5, 6.0, 4.5, 7.0 ], "autoUv": false },
						"east": { "texture": "#bulb", "uv": [ 0.0, 12.5, 4.0, 13.5 ], "autoUv": false },
						"south": { "texture": "#bulb", "uv": [ 5.5, 6.0, 9.5, 7.0 ], "autoUv": false },
						"west": { "texture": "#bulb", "uv": [ 5.5, 12.5, 9.5, 13.5 ], "autoUv": false },
						"up": { "texture": "#bulb", "uv": [ 6.5, 0.0, 10.5, 4.0 ], "autoUv": false }
					}
				},
				{
					"name": "garlic 6 top2",
					"from": [ 0.5, 2.0, 0.5 ],
					"to": [ 2.0, 2.5, 2.0 ],
					"rotationOrigin": [ -0.25, 2.0, -0.25 ],
					"faces": {
						"north": { "texture": "#bulb", "uv": [ 1.0, 5.0, 4.0, 6.0 ], "autoUv": false },
						"east": { "texture": "#bulb", "uv": [ 1.0, 11.0, 4.0, 12.0 ], "autoUv": false },
						"south": { "texture": "#bulb", "uv": [ 5.5, 4.5, 8.5, 5.5 ], "autoUv": false },
						"west": { "texture": "#bulb", "uv": [ 5.5, 11.0, 8.5, 12.0 ], "autoUv": false },
						"up": { "texture": "#bulb", "uv": [ 1.0, 0.5, 4.0, 3.5 ], "autoUv": false }
					}
				}
			]
		}
	]}