{
	"editor": {
		"allAngles": false,
		"entityTextureMode": false
	},
	"textureWidth": 16,
	"textureHeight": 16,
	"textureSizes": {
	},
	"textures": {
		"bulb": "plant/garlic/bulb",
		"e": "plant/garlic/e5",
		"s": "plant/garlic/s5"
	},
	"elements": [
		{
			"name": "garlic 1",
			"from": [ 1.5, 0.0, 2.0 ],
			"to": [ 3.5, 0.5, 4.0 ],
			"rotationOrigin": [ 2.5, 0.0, 3.0 ],
			"rotationY": 45.0,
			"faces": {
			},
			"children": [
				{
					"name": "garlic 1 top",
					"from": [ 0.5, 0.0, 0.5 ],
					"to": [ 1.75, 0.75, 1.75 ],
					"faces": {
						"north": { "texture": "#bulb", "uv": [ 10.0, 7.5, 12.0, 8.5 ], "autoUv": false, "windMode": [0,0,0,0] },
						"east": { "texture": "#bulb", "uv": [ 10.0, 7.5, 12.0, 8.5 ], "autoUv": false, "windMode": [0,0,0,0] },
						"south": { "texture": "#bulb", "uv": [ 10.0, 7.5, 12.0, 8.5 ], "autoUv": false, "windMode": [0,0,0,0] },
						"west": { "texture": "#bulb", "uv": [ 10.0, 7.5, 12.0, 8.5 ], "autoUv": false, "windMode": [0,0,0,0] },
						"up": { "texture": "#bulb", "uv": [ 1.5, 1.0, 3.5, 3.0 ], "autoUv": false, "windMode": [0,0,0,0] }
					}
				},
				{
					"name": "s 1",
					"from": [ -5.5, 0.5, 1.0 ],
					"to": [ 7.5, 8.5, 1.0 ],
					"shade": false,
					"rotationOrigin": [ 1.0, 2.0, 0.0 ],
					"faces": {
						"south": { "texture": "#s", "uv": [ 1.5, 8.0, 14.5, 16.0 ], "autoUv": false, "windMode": [0,0,2,2] }
					}
				},
				{
					"name": "e 1",
					"from": [ 1.12, 0.5, -5.65 ],
					"to": [ 1.12, 8.5, 7.35 ],
					"shade": false,
					"rotationOrigin": [ 1.0, 1.0, 1.0 ],
					"faces": {
						"east": { "texture": "#e", "uv": [ 1.5, 8.0, 14.5, 16.0 ], "windMode": [0,2,2,0] }
					}
				},
				{
					"name": "garlic 1 top2",
					"from": [ 0.75, 0.75, 0.75 ],
					"to": [ 1.5, 1.0, 1.5 ],
					"rotationOrigin": [ 0.0, 1.0, 0.0 ],
					"faces": {
						"north": { "texture": "#bulb", "uv": [ 10.0, 7.5, 12.0, 8.5 ], "autoUv": false, "windMode": [0,0,0,0] },
						"east": { "texture": "#bulb", "uv": [ 10.0, 7.5, 12.0, 8.5 ], "autoUv": false },
						"south": { "texture": "#bulb", "uv": [ 10.0, 7.5, 12.0, 8.5 ], "autoUv": false },
						"west": { "texture": "#bulb", "uv": [ 10.0, 7.5, 12.0, 8.5 ], "autoUv": false },
						"up": { "texture": "#bulb", "uv": [ 1.5, 1.0, 3.5, 3.0 ], "autoUv": false }
					}
				}
			]
		},
		{
			"name": "garlic 2",
			"from": [ 7.0, 0.0, 3.0 ],
			"to": [ 9.0, 0.5, 5.0 ],
			"rotationOrigin": [ 8.0, 0.0, 4.0 ],
			"rotationY": 90.0,
			"faces": {
			},
			"children": [
				{
					"name": "garlic 2 top",
					"from": [ 0.5, 0.0, 0.5 ],
					"to": [ 1.75, 0.75, 1.75 ],
					"faces": {
						"north": { "texture": "#bulb", "uv": [ 10.0, 7.5, 12.0, 8.5 ], "autoUv": false, "windMode": [0,0,0,0] },
						"east": { "texture": "#bulb", "uv": [ 10.0, 7.5, 12.0, 8.5 ], "autoUv": false },
						"south": { "texture": "#bulb", "uv": [ 10.0, 7.5, 12.0, 8.5 ], "autoUv": false },
						"west": { "texture": "#bulb", "uv": [ 10.0, 7.5, 12.0, 8.5 ], "autoUv": false },
						"up": { "texture": "#bulb", "uv": [ 1.5, 1.0, 3.5, 3.0 ], "autoUv": false }
					}
				},
				{
					"name": "s 2",
					"from": [ -5.5, 0.5, 1.12 ],
					"to": [ 7.5, 8.5, 1.12 ],
					"shade": false,
					"rotationOrigin": [ 1.0, 2.0, 0.0 ],
					"faces": {
						"south": { "texture": "#s", "uv": [ 1.5, 8.0, 14.5, 16.0 ], "windMode": [0,0,2,2] }
					}
				},
				{
					"name": "e 2",
					"from": [ 1.12, 0.5, -5.65 ],
					"to": [ 1.12, 8.5, 7.35 ],
					"shade": false,
					"rotationOrigin": [ 1.0, 1.0, 1.0 ],
					"faces": {
						"east": { "texture": "#e", "uv": [ 1.5, 8.0, 14.5, 16.0 ], "windMode": [0,2,2,0] }
					}
				},
				{
					"name": "garlic 2 top2",
					"from": [ 0.75, 0.75, 0.75 ],
					"to": [ 1.5, 1.0, 1.5 ],
					"rotationOrigin": [ 0.0, 1.0, 0.0 ],
					"faces": {
						"north": { "texture": "#bulb", "uv": [ 10.0, 7.5, 12.0, 8.5 ], "autoUv": false, "windMode": [0,0,0,0] },
						"east": { "texture": "#bulb", "uv": [ 10.0, 7.5, 12.0, 8.5 ], "autoUv": false },
						"south": { "texture": "#bulb", "uv": [ 10.0, 7.5, 12.0, 8.5 ], "autoUv": false },
						"west": { "texture": "#bulb", "uv": [ 10.0, 7.5, 12.0, 8.5 ], "autoUv": false },
						"up": { "texture": "#bulb", "uv": [ 1.5, 1.0, 3.5, 3.0 ], "autoUv": false }
					}
				}
			]
		},
		{
			"name": "garlic 3",
			"from": [ 13.0, 0.0, 1.0 ],
			"to": [ 15.0, 0.5, 3.0 ],
			"rotationOrigin": [ 14.0, 0.0, 2.0 ],
			"rotationY": -135.0,
			"faces": {
			},
			"children": [
				{
					"name": "garlic 3 top",
					"from": [ 0.5, 0.0, 0.5 ],
					"to": [ 1.75, 0.75, 1.75 ],
					"faces": {
						"north": { "texture": "#bulb", "uv": [ 10.0, 7.5, 12.0, 8.5 ], "autoUv": false, "windMode": [0,0,0,0] },
						"east": { "texture": "#bulb", "uv": [ 10.0, 7.5, 12.0, 8.5 ], "autoUv": false },
						"south": { "texture": "#bulb", "uv": [ 10.0, 7.5, 12.0, 8.5 ], "autoUv": false },
						"west": { "texture": "#bulb", "uv": [ 10.0, 7.5, 12.0, 8.5 ], "autoUv": false },
						"up": { "texture": "#bulb", "uv": [ 1.5, 1.0, 3.5, 3.0 ], "autoUv": false }
					}
				},
				{
					"name": "s 3",
					"from": [ -5.7, 0.5, 1.25 ],
					"to": [ 7.3, 8.5, 1.25 ],
					"shade": false,
					"rotationOrigin": [ 1.0, 2.0, 0.0 ],
					"faces": {
						"south": { "texture": "#s", "uv": [ 1.5, 8.0, 14.5, 16.0 ], "windMode": [0,0,2,2] }
					}
				},
				{
					"name": "e 3",
					"from": [ 1.12, 0.5, -5.65 ],
					"to": [ 1.12, 8.5, 7.35 ],
					"shade": false,
					"rotationOrigin": [ 1.0, 1.0, 1.0 ],
					"faces": {
						"east": { "texture": "#e", "uv": [ 1.5, 8.0, 14.5, 16.0 ], "windMode": [0,2,2,0] }
					}
				},
				{
					"name": "garlic 3 top2",
					"from": [ 0.75, 0.75, 0.75 ],
					"to": [ 1.5, 1.0, 1.5 ],
					"rotationOrigin": [ 0.0, 1.0, 0.0 ],
					"faces": {
						"north": { "texture": "#bulb", "uv": [ 10.0, 7.5, 12.0, 8.5 ], "autoUv": false, "windMode": [0,0,0,0] },
						"east": { "texture": "#bulb", "uv": [ 10.0, 7.5, 12.0, 8.5 ], "autoUv": false },
						"south": { "texture": "#bulb", "uv": [ 10.0, 7.5, 12.0, 8.5 ], "autoUv": false },
						"west": { "texture": "#bulb", "uv": [ 10.0, 7.5, 12.0, 8.5 ], "autoUv": false },
						"up": { "texture": "#bulb", "uv": [ 1.5, 1.0, 3.5, 3.0 ], "autoUv": false }
					}
				}
			]
		},
		{
			"name": "garlic 6",
			"from": [ 1.5, 0.0, 11.0 ],
			"to": [ 3.5, 0.5, 13.0 ],
			"rotationOrigin": [ 2.5, 0.0, 12.0 ],
			"faces": {
			},
			"children": [
				{
					"name": "garlic 6 top",
					"from": [ 0.5, 0.0, 0.5 ],
					"to": [ 1.75, 0.75, 1.75 ],
					"faces": {
						"north": { "texture": "#bulb", "uv": [ 10.0, 7.5, 12.0, 8.5 ], "autoUv": false, "windMode": [0,0,0,0] },
						"east": { "texture": "#bulb", "uv": [ 10.0, 7.5, 12.0, 8.5 ], "autoUv": false },
						"south": { "texture": "#bulb", "uv": [ 10.0, 7.5, 12.0, 8.5 ], "autoUv": false },
						"west": { "texture": "#bulb", "uv": [ 10.0, 7.5, 12.0, 8.5 ], "autoUv": false },
						"up": { "texture": "#bulb", "uv": [ 1.5, 1.0, 3.5, 3.0 ], "autoUv": false }
					}
				},
				{
					"name": "s 6",
					"from": [ -5.6, 0.5, 1.12 ],
					"to": [ 7.4, 8.5, 1.12 ],
					"shade": false,
					"rotationOrigin": [ 1.0, 2.0, 0.0 ],
					"faces": {
						"south": { "texture": "#s", "uv": [ 1.5, 8.0, 14.5, 16.0 ], "windMode": [0,0,2,2] }
					}
				},
				{
					"name": "e 6",
					"from": [ 1.12, 0.5, -5.65 ],
					"to": [ 1.12, 8.5, 7.35 ],
					"shade": false,
					"rotationOrigin": [ 1.0, 1.0, 1.0 ],
					"faces": {
						"east": { "texture": "#e", "uv": [ 1.5, 8.0, 14.5, 16.0 ], "windMode": [0,2,2,0] }
					}
				},
				{
					"name": "garlic 6 top2",
					"from": [ 0.75, 0.75, 0.75 ],
					"to": [ 1.5, 1.0, 1.5 ],
					"rotationOrigin": [ 0.0, 1.0, 0.0 ],
					"faces": {
						"north": { "texture": "#bulb", "uv": [ 10.0, 7.5, 12.0, 8.5 ], "autoUv": false, "windMode": [0,0,0,0] },
						"east": { "texture": "#bulb", "uv": [ 10.0, 7.5, 12.0, 8.5 ], "autoUv": false },
						"south": { "texture": "#bulb", "uv": [ 10.0, 7.5, 12.0, 8.5 ], "autoUv": false },
						"west": { "texture": "#bulb", "uv": [ 10.0, 7.5, 12.0, 8.5 ], "autoUv": false },
						"up": { "texture": "#bulb", "uv": [ 1.5, 1.0, 3.5, 3.0 ], "autoUv": false }
					}
				}
			]
		},
		{
			"name": "garlic 5",
			"from": [ 7.5, 0.0, 12.0 ],
			"to": [ 9.5, 0.5, 14.0 ],
			"rotationOrigin": [ 8.0, 0.0, 13.0 ],
			"rotationY": 67.5,
			"faces": {
			},
			"children": [
				{
					"name": "garlic 5 top",
					"from": [ 0.5, 0.0, 0.5 ],
					"to": [ 1.75, 0.75, 1.75 ],
					"faces": {
						"north": { "texture": "#bulb", "uv": [ 10.0, 7.5, 12.0, 8.5 ], "autoUv": false, "windMode": [0,0,0,0] },
						"east": { "texture": "#bulb", "uv": [ 10.0, 7.5, 12.0, 8.5 ], "autoUv": false },
						"south": { "texture": "#bulb", "uv": [ 10.0, 7.5, 12.0, 8.5 ], "autoUv": false },
						"west": { "texture": "#bulb", "uv": [ 10.0, 7.5, 12.0, 8.5 ], "autoUv": false },
						"up": { "texture": "#bulb", "uv": [ 1.5, 1.0, 3.5, 3.0 ], "autoUv": false }
					}
				},
				{
					"name": "s 5",
					"from": [ -5.6, 0.5, 1.12 ],
					"to": [ 7.4, 8.5, 1.12 ],
					"shade": false,
					"rotationOrigin": [ 1.0, 2.0, 0.0 ],
					"faces": {
						"south": { "texture": "#s", "uv": [ 1.5, 8.0, 14.5, 16.0 ], "windMode": [0,0,2,2] }
					}
				},
				{
					"name": "e 5",
					"from": [ 1.12, 0.5, -5.65 ],
					"to": [ 1.12, 8.5, 7.35 ],
					"shade": false,
					"rotationOrigin": [ 1.0, 1.0, 1.0 ],
					"faces": {
						"east": { "texture": "#e", "uv": [ 1.5, 8.0, 14.5, 16.0 ], "windMode": [0,2,2,0] }
					}
				},
				{
					"name": "garlic 5 top2",
					"from": [ 0.75, 0.75, 0.75 ],
					"to": [ 1.5, 1.0, 1.5 ],
					"rotationOrigin": [ 0.0, 1.0, 0.0 ],
					"faces": {
						"north": { "texture": "#bulb", "uv": [ 10.0, 7.5, 12.0, 8.5 ], "autoUv": false, "windMode": [0,0,0,0] },
						"east": { "texture": "#bulb", "uv": [ 10.0, 7.5, 12.0, 8.5 ], "autoUv": false },
						"south": { "texture": "#bulb", "uv": [ 10.0, 7.5, 12.0, 8.5 ], "autoUv": false },
						"west": { "texture": "#bulb", "uv": [ 10.0, 7.5, 12.0, 8.5 ], "autoUv": false },
						"up": { "texture": "#bulb", "uv": [ 1.5, 1.0, 3.5, 3.0 ], "autoUv": false }
					}
				}
			]
		},
		{
			"name": "garlic 4",
			"from": [ 12.5, 0.0, 9.5 ],
			"to": [ 14.5, 0.5, 11.5 ],
			"rotationOrigin": [ 14.0, 0.0, 11.0 ],
			"rotationX": 0.0,
			"rotationY": 0.0,
			"rotationZ": 0.0,
			"faces": {
			},
			"children": [
				{
					"name": "garlic 4 top",
					"from": [ 0.5, 0.0, 0.5 ],
					"to": [ 1.75, 0.75, 1.75 ],
					"faces": {
						"north": { "texture": "#bulb", "uv": [ 10.0, 7.5, 12.0, 8.5 ], "autoUv": false, "windMode": [0,0,0,0] },
						"east": { "texture": "#bulb", "uv": [ 10.0, 7.5, 12.0, 8.5 ], "autoUv": false },
						"south": { "texture": "#bulb", "uv": [ 10.0, 7.5, 12.0, 8.5 ], "autoUv": false },
						"west": { "texture": "#bulb", "uv": [ 10.0, 7.5, 12.0, 8.5 ], "autoUv": false },
						"up": { "texture": "#bulb", "uv": [ 1.5, 1.0, 3.5, 3.0 ], "autoUv": false }
					}
				},
				{
					"name": "s 4",
					"from": [ -5.5, 0.5, 1.12 ],
					"to": [ 7.5, 8.5, 1.12 ],
					"shade": false,
					"rotationOrigin": [ 1.0, 2.0, 0.0 ],
					"faces": {
						"south": { "texture": "#s", "uv": [ 1.5, 8.0, 14.5, 16.0 ], "windMode": [0,0,2,2] }
					}
				},
				{
					"name": "e 4",
					"from": [ 1.12, 0.5, -5.65 ],
					"to": [ 1.12, 8.5, 7.35 ],
					"shade": false,
					"rotationOrigin": [ 1.0, 1.0, 1.0 ],
					"faces": {
						"east": { "texture": "#e", "uv": [ 1.5, 8.0, 14.5, 16.0 ], "windMode": [0,2,2,0] }
					}
				},
				{
					"name": "garlic 4 top4",
					"from": [ 0.75, 0.75, 0.75 ],
					"to": [ 1.5, 1.0, 1.5 ],
					"rotationOrigin": [ 0.0, 1.0, 0.0 ],
					"faces": {
						"north": { "texture": "#bulb", "uv": [ 10.0, 7.5, 12.0, 8.5 ], "autoUv": false, "windMode": [0,0,0,0] },
						"east": { "texture": "#bulb", "uv": [ 10.0, 7.5, 12.0, 8.5 ], "autoUv": false },
						"south": { "texture": "#bulb", "uv": [ 10.0, 7.5, 12.0, 8.5 ], "autoUv": false },
						"west": { "texture": "#bulb", "uv": [ 10.0, 7.5, 12.0, 8.5 ], "autoUv": false },
						"up": { "texture": "#bulb", "uv": [ 1.5, 1.0, 3.5, 3.0 ], "autoUv": false }
					}
				}
			]
		}
	]}